,0PV-a.01_6osy_H_L_2KB_AQG,0PV-a.01_6osy_I_J_B2K_GAQ,0PV-a.01_6osy_R_S_KB2_QGA
0PV-a.01_6osy_H_L_2KB_AQG,0.0,0.15261977910995483,0.1674463152885437
0PV-a.01_6osy_I_J_B2K_GAQ,0.15261977910995483,0.0,0.10527083277702332
0PV-a.01_6osy_R_S_KB2_QGA,0.1674463152885437,0.10527083277702332,0.0
