,0PV-a.01_6mqr_H_L__A,0PV-a.01_6osy_H_L_2KB_AQG,0PV-a.04_6pds_H_L__G,0PV-b.01_6n16_H_L__F,0PV-b.01_6ot1_H_L_GPE_BDO,0PV-c.01_6mqc_H_L__C,0PV-c.01_6nf2_H_L_GAQ_BIR,0PV-d.01_xx01_H_L_ABC_DEF
0PV-a.01_6mqr_H_L__A,0.0,1.856998324394226,0.9161159992218018,7.553985118865967,7.842498302459717,8.302688598632812,8.273785591125488,8.417376518249512
0PV-a.01_6osy_H_L_2KB_AQG,1.856998324394226,0.0,1.8954988718032837,8.14929485321045,27.980398178100586,9.089888572692871,15.108196258544922,27.65725326538086
0PV-a.04_6pds_H_L__G,0.9161159992218018,1.8954988718032837,0.0,7.949336528778076,7.645088195800781,7.2163920402526855,7.049752712249756,8.387311935424805
0PV-b.01_6n16_H_L__F,7.553985118865967,8.14929485321045,7.949336528778076,0.0,2.167553186416626,11.503360748291016,11.258729934692383,4.281103134155273
0PV-b.01_6ot1_H_L_GPE_BDO,7.842498302459717,27.980398178100586,7.645088195800781,2.167553186416626,0.0,11.849634170532227,22.38614845275879,3.7722346782684326
0PV-c.01_6mqc_H_L__C,8.302688598632812,9.089888572692871,7.2163920402526855,11.503360748291016,11.849634170532227,0.0,1.3995840549468994,12.120665550231934
0PV-c.01_6nf2_H_L_GAQ_BIR,8.273785591125488,15.108196258544922,7.049752712249756,11.258729934692383,22.38614845275879,1.3995840549468994,0.0,19.926321029663086
0PV-d.01_xx01_H_L_ABC_DEF,8.417376518249512,27.65725326538086,8.387311935424805,4.281103134155273,3.7722346782684326,12.120665550231934,19.926321029663086,0.0
