,0PV-a.01_6osy_R_S_KB2_QGA,0PV-b.01_6ot1_M_N_PEG_DOB,0PV-a.01_6mqr_H_L__A,0PV-b.01_6ot1_H_L_GPE_BDO,0PV-a.01_6osy_I_J_B2K_GAQ,0PV-a.01_6osy_H_L_2KB_AQG
0PV-a.01_6osy_R_S_KB2_QGA,0.0,8.414331436157227,1.8045936822891235,8.414331436157227,0.10526535660028458,0.16745318472385406
0PV-b.01_6ot1_M_N_PEG_DOB,8.414331436157227,0.0,7.842527866363525,0.001220865873619914,8.375162124633789,8.450628280639648
0PV-a.01_6mqr_H_L__A,1.8045936822891235,7.842527866363525,0.0,7.842498302459717,1.7738037109375,1.856994867324829
0PV-b.01_6ot1_H_L_GPE_BDO,8.414331436157227,0.001220865873619914,7.842498302459717,0.0,8.375164031982422,8.445488929748535
0PV-a.01_6osy_I_J_B2K_GAQ,0.10526535660028458,8.375162124633789,1.7738037109375,8.375164031982422,0.0,0.15261638164520264
0PV-a.01_6osy_H_L_2KB_AQG,0.16745318472385406,8.450628280639648,1.856994867324829,8.445488929748535,0.15261638164520264,0.0
