,0PV-a.01_6mqr_H_L__A,0PV-a.01_6osy_H_L_2KB_AQG,0PV-a.01_6osy_I_J_B2K_GAQ,0PV-a.01_6osy_R_S_KB2_QGA,0PV-a.04_6pds_B_A__C,0PV-b.01_6ot1_A_C_EGP_OBD,0PV-b.01_6ot1_H_L_GPE_BDO,0PV-b.01_6ot1_M_N_PEG_DOB
0PV-a.01_6mqr_H_L__A,0.0,1.856994867324829,1.7738037109375,1.8045936822891235,0.9130761027336121,7.84235954284668,7.842498302459717,7.842527866363525
0PV-a.01_6osy_H_L_2KB_AQG,1.856994867324829,0.0,0.15261638164520264,0.16745318472385406,2.015228271484375,8.445287704467773,8.445488929748535,8.450628280639648
0PV-a.01_6osy_I_J_B2K_GAQ,1.7738037109375,0.15261638164520264,0.0,0.10526535660028458,1.9410724639892578,8.374966621398926,8.375164031982422,8.375162124633789
0PV-a.01_6osy_R_S_KB2_QGA,1.8045936822891235,0.16745318472385406,0.10526535660028458,0.0,1.9428256750106812,8.408894538879395,8.414331436157227,8.414331436157227
0PV-a.04_6pds_B_A__C,0.9130761027336121,2.015228271484375,1.9410724639892578,1.9428256750106812,0.0,7.743951320648193,7.744097709655762,7.74408483505249
0PV-b.01_6ot1_A_C_EGP_OBD,7.84235954284668,8.445287704467773,8.374966621398926,8.408894538879395,7.743951320648193,0.0,0.0012447952758520842,0.0015528328949585557
0PV-b.01_6ot1_H_L_GPE_BDO,7.842498302459717,8.445488929748535,8.375164031982422,8.414331436157227,7.744097709655762,0.0012447952758520842,0.0,0.001220865873619914
0PV-b.01_6ot1_M_N_PEG_DOB,7.842527866363525,8.450628280639648,8.375162124633789,8.414331436157227,7.74408483505249,0.0015528328949585557,0.001220865873619914,0.0
